R2_Low,R2_Medium,R2_High,
0.47318941,0.94246525,1.87997997,Bottom Line
0.67406261,1.26573777,2.43979311,Point at Coil
0.86103213,1.54872608,2.90219235,Point between Coils
0.9549588,1.67516303,3.04697204,point 1
0.91918802,1.73353434,3.04067326,point 2
0.87116444,1.72664392,3.24592066,point 
2131386,2131386,2131386,total airflow volume
486992,486992,486992,total all
2035890,2035890,2035890,
364216,364216,364216,
